{
  "alpha": 6.0,
  "gamma": 0.001832981,
  "cpm_quality": 50710.09816187843,
  "rbconfig_quality": 53457.17887747989,
  "modularity": 0.559611667934807
}