	DMDYC4J	DMDYC4J	DMDYC4J	DMCVJK9	DMCVJK9	DMCVJK9	DM21WBH	DM21WBH	DM21WBH	DM42PFT	DM42PFT	DM42PFT	DMF3DZX	DMF3DZX	DMF3DZX	DMSFWT7	DMSFWT7	DMSFWT7	DMH5RFU	DMH5RFU	DMH5RFU	DMN9YOB	DMN9YOB	DMN9YOB	DMBZMYT	DMBZMYT	DMBZMYT	DM5DMCH	DM5DMCH	DM5DMCH
	mean	std	count	mean	std	count	mean	std	count	mean	std	count	mean	std	count	mean	std	count	mean	std	count	mean	std	count	mean	std	count	mean	std	count
group																														
Control	-0.43020297694551973	0.915970060054589	10	-0.43497124512328905	0.8939663791207475	10	-0.5237873670174502	0.9917298728495766	10	-0.5428800711263001	1.0053430624236126	10	0.3310899800289934	0.49013868077706635	10	-0.46426490627560224	0.9128653195166947	10	-0.5121075534306768	1.003621632162785	10	0.30911882815364533	0.47507697794041315	10	-0.4699056635485099	0.8914822005197773	10	-0.6363626723046882	1.091487306013086	10
Disease	0.14340099231517361	0.4503561098936857	30	0.14499041504109667	0.43927334813318264	30	0.17459578900581704	0.5082486880695868	30	0.18096002370876693	0.5243442125835575	30	-0.11036332667633147	0.2703635424781267	30	0.15475496875853423	0.4602210082998767	30	0.17070251781022586	0.5166838765767463	30	-0.10303960938454873	0.26441502198081945	30	0.1566352211828369	0.45492257438562483	30	0.21212089076822987	0.5950207764138836	30
